{
  "date": "2021-01-21T23:36:00.385Z",
  "title": "Xilofones para o Treinamento Auditivo",
  "thumbnail": "https://ecoms1-nyc3.nyc3.cdn.digitaloceanspaces.com/1101/@v3/1611183691438-3612.jpg",
  "description": "Normalmente os xilofones possuem barras sonoras de comprimentos variáveis: barras mais longas nas notas graves e mais curtas nas agudas. \nO Xilofone para Treinamento Auditivo possui todas as barras com o mesmo comprimento e não há marcação dos nomes das notas.\n",
  "body": "O Xilofone para Treinamento Auditivo deixa de lado a percepção visual da graduação de comprimento das barras. Assim, a identificação da altura dos sons fica condicionada à discriminação auditiva como critério nos exercícios de experimentar, ouvir e comparar,   nas atividades que serão propostas pelo educador. \n\nAlém disso, sua caixa de ressonância possui design retangular, ao invés do formato trapezoidal da maioria dos xilofones. Essas características privilegiam e acentuam o trabalho comparativo entre os sons, reforçando o parâmetro da audição musical.\n\nConheça esse material exclusivo do Ateliê Construindo o Som:\n\n<!--StartFragment-->\n\n[Xilofone Para Treinamento Auditivo | Exclusividade Ateliê Construindo o Som](https://loja.construindoosom.com.br/xilofone-para-treinamento-auditivo-kit-20-tons-c6-a-c7)\n\n<!--EndFragment-->\n\n![Caixa acústica e barras sonoras do Xilofone para Treinamento Auditivo](https://ecoms1-nyc3.nyc3.cdn.digitaloceanspaces.com/1101/@v3/1611183696942-4042.jpg)\n\nOs exercícios consistem em explorar e manipular as unidades sonoras, transferindo e ordenando as barras entre as caixas acústicas, de acordo com os objetivos de cada atividade.",
  "meta_title": "Xilofones para Treinamento Auditivo produzidos pelo Ateliê Construindo o Som",
  "meta_description": "O Xilofone para Treinamento Auditivo estimula habilidades auditivas de forma lúdica: ordenação, comparação, produção de sequências de tons, graves e agudos, etc.",
  "sections": [
    {
      "type": "blog-post",
      "enabled": true
    },
    {
      "type": "custom-html",
      "html": "<p style=\"text-align: left;\">KIT XILOFONE PARA TREINAMENTO AUDITIVO<br />EXCLUSIVIDADE DO ATELIÊ CONSTRUINDO O SOM</p>\n<p>Normalmente os xilofones possuem barras sonoras de comprimentos variáveis e graduados: barras mais longas nas notas graves e mais curtas nas agudas. A principal característica do kit é possuir todas as barras sonoras com o mesmo comprimento e não haver marcação dos nomes das notas.<br />Assim, deixando de lado a percepção visual da gradação de medidas das barras, a discriminação dos sons fica condicionada à percepção auditiva, tornando o exercício de experimentar e ouvir, o critério único a ser seguido nas atividades que serão propostas pelo educador.<br />As caixas de ressonância apresentam um design retangular, ao invés do formato trapezoidal das bases acústicas da maioria dos xilofones. Essas características privilegiam e acentuam o trabalho comparativo entre os sons, reforçando o parâmetro da audição musical.<br />Os exercícios consistem em manipular as unidades sonoras sempre transferindo entre as caixas acústicas, de acordo com os objetivos de cada atividade realizada.</p>\n<p style=\"text-align: left;\"><a href=\"https://loja.construindoosom.com.br/xilofone-para-treinamento-auditivo-kit-20-tons-c6-a-c7\" target=\"_blank\" rel=\"noopener noreferrer\">CLIQUE AQUI PARA VER NA LOJA VIRTUAL</a></p>\n<p style=\"text-align: left;\"><strong>COD: XTA20</strong></p>\n<p><img class=\"aligncenter size-full wp-image-1278\" src=\"http://www.construindoosom.org/wp-content/uploads/2014/06/xd-16t_320x180.jpg\" alt=\"\" />Todas as barras com as mesmas dimensões, com furos para fixação e sem nomes de notas.</p>\n<p style=\"text-align: center;\"><img class=\"aligncenter size-full wp-image-1277\" src=\"http://www.construindoosom.org/wp-content/uploads/2014/06/xd-16t_320x180a.jpg\" alt=\"\" /></p>\n<p><strong>ALGUMAS DAS POSSIBILIDADES DE APLICAÇÃO PEDAGÓGICA DO KIT:</strong></p>\n<p>- Ordenamento, emparelhamento do som, discriminação auditiva sem a referência visual proporcionada pelo comprimento das barras sonoras.</p>\n<p>- Intervalos do uníssono à oitava, na gama diatônica: uníssono, segunda maior e menor, terça maior e menor, quarta, quinta, sexta, sétima maior, oitava.</p>\n<p>- Possibilidade de trabalhar outros intervalos, agregando as brras Fa# e Sib: quarta aumentada, sétima menor.</p>\n<p>- Possibilidade de execução de escalas e melodias em uníssono, utilizando dois teclados independentes.</p>\n<p>- Tríades: C-E-G, D-F-A, (D-F#-A), E-G-B, F-A-C, (F#-Bb-D)</p>\n<p>- Inversões: D-G-B, E-G-C</p>\n<p>E MUITAS OUTRAS!<br /><strong>COMPONENTES DO KIT:</strong></p>\n<p>- 1 jogo de 20 barras sonoras móveis (2 jogos de uma oitava - C a C)</p>\n<p>- 3 caixas acústicas com pinos-suportes para fixação das barras sonoras</p>\n<p>- 2 pares de baquetas de madeira</p>\n<p>Afinação: A 440</p>\n<p>Extensão: Uma Oitava - C6 a C7</p>\n<p>Barras: 18 x 3,2 x 1,6</p>\n<p>Caixas de ressonância:</p>\n<p>Caixas de 8 pinos: 35 x 11,5 x 6,0 cm</p>\n<p>Caixa de 16 pinos: 64 x 11,5 x 6,0 cm</p>\n<table style=\"height: 110px;\" width=\"345\">\n<tbody>\n<tr>\n<td width=\"58\"><strong>C6</strong></td>\n<td width=\"58\"><strong>D</strong></td>\n<td width=\"58\"><strong>E</strong></td>\n<td width=\"58\"><strong>F</strong></td>\n<td width=\"58\"><strong>F#</strong></td>\n<td width=\"58\"><strong>G</strong></td>\n<td width=\"58\"><strong>A</strong></td>\n<td width=\"58\"><strong>A#/Bb</strong></td>\n<td width=\"58\"><strong>B</strong></td>\n<td width=\"58\"><strong>C7</strong></td>\n</tr>\n<tr>\n<td width=\"58\"><strong>1</strong></td>\n<td width=\"58\"><strong>2</strong></td>\n<td width=\"58\"><strong>3</strong></td>\n<td width=\"58\"><strong>4</strong></td>\n<td width=\"58\"><strong>5</strong></td>\n<td width=\"58\"><strong>6</strong></td>\n<td width=\"58\"><strong>7</strong></td>\n<td width=\"58\"><strong>8</strong></td>\n<td width=\"58\"><strong>9</strong></td>\n<td width=\"58\"><strong><strong>10</strong></strong></td>\n</tr>\n<tr>\n<td width=\"58\"><strong>C6</strong></td>\n<td width=\"58\"><strong>D</strong></td>\n<td width=\"58\"><strong>E</strong></td>\n<td width=\"58\"><strong>F</strong></td>\n<td width=\"58\"><strong>F#</strong></td>\n<td width=\"58\"><strong>G</strong></td>\n<td width=\"58\"><strong>A</strong></td>\n<td width=\"58\"><strong>A#/Bb</strong></td>\n<td width=\"58\"><strong>B</strong></td>\n<td width=\"58\"><strong>C7</strong></td>\n</tr>\n<tr>\n<td width=\"58\"><strong>11</strong></td>\n<td width=\"58\"><strong>12</strong></td>\n<td width=\"58\"><strong>13</strong></td>\n<td width=\"58\"><strong>14</strong></td>\n<td width=\"58\"><strong>15</strong></td>\n<td width=\"58\"><strong>16</strong></td>\n<td width=\"58\"><strong>17</strong></td>\n<td width=\"58\"><strong>18</strong></td>\n<td width=\"58\"><strong>19</strong></td>\n<td width=\"58\"><strong>20</strong></td>\n</tr>\n</tbody>\n</table>\n<p style=\"text-align: center;\"><a href=\"https://loja.construindoosom.com.br/xilofone-para-treinamento-auditivo-kit-20-tons-c6-a-c7\" target=\"_blank\" rel=\"noopener noreferrer\">CLIQUE AQUI PARA ADQUIRIR NA LOJA VIRTUAL</a></p>\n<p>Vídeo Demonstrativo:</p>\n<p> </p>\n<center><iframe src=\"https://www.youtube.com/embed/1YO-3fpAgjM\" width=\"200\" height=\"113\" frameborder=\"0\" allowfullscreen=\"allowfullscreen\"></iframe></center>\n<p> </p>"
    }
  ]
}