{
  "description": {
    "title": "",
    "text": ""
  },
  "links_1": {
    "list_pages": false,
    "title": "INFORMAÇÕES ",
    "list": [
      {
        "text": "Sobre nós",
        "url": "/pages/sobre-nos"
      },
      {
        "text": "Catálogos",
        "url": "/pages/catalogo"
      },
      {
        "text": "Depoimentos",
        "url": "/pages/depoimentos"
      },
      {
        "text": "Dúvidas frequentes",
        "url": "/pages/faq"
      },
      {
        "text": "Termos de Uso",
        "url": "/pages/termos"
      },
      {
        "url": "/pages/envio",
        "text": "Política de Envio"
      }
    ]
  },
  "links_2": {
    "list_categories": false,
    "title": "INSTRUMENTOS",
    "list": []
  },
  "contacts": {
    "title": "ATENDIMENTO",
    "phone_wpp": true,
    "socials": true,
    "email": true,
    "address": true
  },
  "stamps": [
    {
      "src": "/img/uploads/ssl-safe.png",
      "alt": "Secure connection"
    }
  ],
  "payment_methods": {
    "bb": true,
    "visa": true,
    "boleto": true,
    "aura": false,
    "banrisul": false,
    "elo": false,
    "hipercard": true,
    "hsbc": false,
    "bradesco": false,
    "santander": false,
    "mastercard": true,
    "paypal": true,
    "citibank": false,
    "diners": false,
    "mais": false,
    "amex": false,
    "itau": false
  },
  "credits": "© Ateliê Construindo o Som - Roberto Luis de Castro 11814055568 - CNPJ: 29.524.026/0001-10"
}