{
  "meta_title": "Ateliê Construindo o Som | Instrumentos Musicais",
  "meta_description": "Instrumentos musicais artesanais para Musicoterapia e Educação Musical, de fabricação própria. Produzidos por Roberto Luis Castro, músico, educador, luthier especializado em instrumentos melódicos de percussão: xilofones, metalofones e outros.",
  "sections": [
    {
      "type": "banner-slider",
      "autoplay": 0,
      "slides": [
        {
          "start": "",
          "end": "",
          "img": "/img/uploads/atelie-construindo-o-som.webp",
          "alt": "Ateliê Construindo o Som | Instrumentos Musicais de Fabricação Própria",
          "mobile_img": "/img/uploads/atelie-construindo-o-som.png"
        }
      ]
    },
    {
      "type": "collection-shelf",
      "shuffle": false,
      "title": "INICIAÇÃO MUSICAL  (Veja+)",
      "sort": "lowest_price",
      "link": "/iniciacao-musical",
      "collection_id": "5f03805014ff772fde7db4f4"
    },
    {
      "type": "collection-shelf",
      "shuffle": false,
      "collection_id": "5f037b1e14ff772fde7db06b",
      "sort": "highest_price",
      "title": "INSTRUMENTOS ORFF  (Veja+)",
      "link": "/instrumentos-orff"
    },
    {
      "type": "banners-grid",
      "banners": [
        {
          "img": "/img/uploads/tambor-de-fenda_grid.webp",
          "link": "/tambor-de-fenda",
          "alt": "Tambor de Fenda - instrumentos musicais",
          "mobile_img": "/img/uploads/tambor-de-fenda_grid.png"
        },
        {
          "img": "/img/uploads/kalimbas_grid.webp",
          "link": "/kalimbas",
          "alt": "Kalimbas - instrumentos musicais",
          "mobile_img": "/img/uploads/kalimbas_grid.png"
        },
        {
          "img": "/img/uploads/barras-sonoras_grid.webp",
          "link": "/barras-sonoras",
          "alt": "Barras Sonoras - instrumentos musicais",
          "mobile_img": "/img/uploads/barras-sonoras_grid.png"
        }
      ]
    },
    {
      "type": "custom-content",
      "markdown": "<!--StartFragment-->\n\n![Instrumentos musicais - compre online, com toda segurança, através das diversas modalidades de pagamento.](/img/uploads/homeconstruindo.webp \"Ateliê Construindo o Som\")\n\n*Nossa missão é produzir veículos sonoros de qualidade, com design e acabamento sofisticados, visando atender à demanda de escolas de música e núcleos de musicoterapia em todo o país.*\n\n**LEIA ANTES DE FAZER UM PEDIDO:**\n\n\\* O *Ateliê Construindo o Som* é um empreendimento individual e tem por meta alcançar a qualidade dos instrumentos musicais que produz, num patamar próximo ao do estado da Arte. Todos os instrumentos são confeccionados à mão, normalmente sob encomenda. \n\n\\* Portanto, nem todos os itens estão disponíveis à pronta entrega. Geralmente os produtos precisam ser montados e/ou confeccionados antes do envio. A \"pronta entrega\" obedece ao prazo de 3 a 5 dias úteis para manipulação e logística de postagem. \n\n\\* **Importante: observe o *Prazo de produção* informado na ficha de cada instrumento. Os prazos são atualizados de acordo com as demandas do Ateliê.**\n\nPor favor, seja paciente: a loja opera com apenas uma pessoa cuidando de todos os processos desde a aquisição das matérias primas até a elaboração do produto final, além da comunicação e marketing. \\\nAgradeço pela sua compreensão e paciência.\n\n*Roberto Luis Castro*"
    }
  ]
}